<?xml version="1.0" encoding="UTF-8"?>
<project-private xmlns="http://www.netbeans.org/ns/project-private/1">
    <editor-bookmarks xmlns="http://www.netbeans.org/ns/editor-bookmarks/2" lastBookmarkId="0"/>
    <open-files xmlns="http://www.netbeans.org/ns/projectui-open-files/2">
        <group>
            <file>file:/C:/Users/Administrador/Documents/Curso%20Programacion%20de%20DAW/Examen%2020240530/Examen%2020240530/src/examen/daw/Ejercicio3.java</file>
            <file>file:/C:/Users/Administrador/Documents/Curso%20Programacion%20de%20DAW/Examen%2020240530/Examen%2020240530/src/examen/daw/Ejercicio5.java</file>
            <file>file:/C:/Users/Administrador/Documents/Curso%20Programacion%20de%20DAW/Examen%2020240530/Examen%2020240530/src/examen/daw/Ejercicio2.java</file>
            <file>file:/C:/Users/Administrador/Documents/Curso%20Programacion%20de%20DAW/Examen%2020240530/Examen%2020240530/src/examen/daw/Ejercicio4.java</file>
            <file>file:/C:/Users/Administrador/Documents/Curso%20Programacion%20de%20DAW/Examen%2020240530/Examen%2020240530/src/examen/daw/Ejercicio1.java</file>
            <file>file:/C:/Users/Administrador/Documents/Curso%20Programacion%20de%20DAW/Examen%2020240530/Examen%2020240530/src/examen/daw/ExamenDAW.java</file>
        </group>
    </open-files>
</project-private>
